State,County Name,Year, AQI Value
Massachusetts,Barnstable County,2000,44.91027479
Massachusetts,Barnstable County,2001,48.14425243
Massachusetts,Barnstable County,2002,44.15142154
Massachusetts,Barnstable County,2003,40.57040539
Massachusetts,Barnstable County,2004,35.55820843
Massachusetts,Barnstable County,2005,39.73345281
Massachusetts,Barnstable County,2006,39.39360269
Massachusetts,Barnstable County,2007,36.23576516
Massachusetts,Barnstable County,2008,36.3016982
Massachusetts,Barnstable County,2009,30.59056406
Massachusetts,Barnstable County,2010,33.97458142
Massachusetts,Barnstable County,2011,32.3026071
Massachusetts,Barnstable County,2012,33.24990205
Massachusetts,Barnstable County,2013,37.03839736
Massachusetts,Barnstable County,2014,35.36050947
Massachusetts,Barnstable County,2015,35.21424113
Massachusetts,Barnstable County,2016,37.2011737
Massachusetts,Barnstable County,2017,38.93678529
Massachusetts,Barnstable County,2018,37.78420004
Massachusetts,Barnstable County,2019,37.10955975
Massachusetts,Barnstable County,2020,35.76757993
Massachusetts,Barnstable County,2021,37.98832786
Massachusetts,Barnstable County,2022,36.6503891
Massachusetts,Barnstable County,2023,41.1282234
Massachusetts,Berkshire County,2000,44.41805101
Massachusetts,Berkshire County,2001,56.86014785
Massachusetts,Berkshire County,2002,48.11333205
Massachusetts,Berkshire County,2003,48.46683401
Massachusetts,Berkshire County,2004,43.34746049
Massachusetts,Berkshire County,2005,49.79878392
Massachusetts,Berkshire County,2006,44.07772657
Massachusetts,Berkshire County,2007,43.52028268
Massachusetts,Berkshire County,2008,42.9927821
Massachusetts,Berkshire County,2009,42.42194572
Massachusetts,Berkshire County,2010,38.31160394
Massachusetts,Berkshire County,2011,45.37767338
Massachusetts,Berkshire County,2012,46.26524456
Massachusetts,Berkshire County,2013,47.00227215
Massachusetts,Berkshire County,2014,44.9999232
Massachusetts,Berkshire County,2015,34.84477869
Massachusetts,Berkshire County,2016,28.72052349
Massachusetts,Berkshire County,2017,35.28217118
Massachusetts,Berkshire County,2018,35.63621352
Massachusetts,Berkshire County,2019,38.4234383
Massachusetts,Berkshire County,2020,37.56672537
Massachusetts,Berkshire County,2021,39.63951613
Massachusetts,Berkshire County,2022,38.64882873
Massachusetts,Berkshire County,2023,45.62619688
Massachusetts,Bristol County,2000,47.10860221
Massachusetts,Bristol County,2001,52.42795282
Massachusetts,Bristol County,2002,50.47798238
Massachusetts,Bristol County,2003,49.56980287
Massachusetts,Bristol County,2004,48.61490545
Massachusetts,Bristol County,2005,46.60740692
Massachusetts,Bristol County,2006,44.4153111
Massachusetts,Bristol County,2007,43.02708555
Massachusetts,Bristol County,2008,41.68680324
Massachusetts,Bristol County,2009,37.21788964
Massachusetts,Bristol County,2010,41.48233487
Massachusetts,Bristol County,2011,46.05166411
Massachusetts,Bristol County,2012,40.33555078
Massachusetts,Bristol County,2013,42.75346705
Massachusetts,Bristol County,2014,39.35366103
Massachusetts,Bristol County,2015,40.1281106
Massachusetts,Bristol County,2016,38.59936349
Massachusetts,Bristol County,2017,42.51392089
Massachusetts,Bristol County,2018,42.90107527
Massachusetts,Bristol County,2019,40.88497824
Massachusetts,Bristol County,2020,39.87538314
Massachusetts,Bristol County,2021,40.27441756
Massachusetts,Bristol County,2022,38.24256272
Massachusetts,Bristol County,2023,46.73877368
Massachusetts,Essex County,2000,44.4963411
Massachusetts,Essex County,2001,46.76916283
Massachusetts,Essex County,2002,50.70260497
Massachusetts,Essex County,2003,45.11622504
Massachusetts,Essex County,2004,45.16444815
Massachusetts,Essex County,2005,50.31328085
Massachusetts,Essex County,2006,47.86784434
Massachusetts,Essex County,2007,52.2734511
Massachusetts,Essex County,2008,48.1133976
Massachusetts,Essex County,2009,43.00433948
Massachusetts,Essex County,2010,44.85956861
Massachusetts,Essex County,2011,46.87882104
Massachusetts,Essex County,2012,45.95493141
Massachusetts,Essex County,2013,45.03303891
Massachusetts,Essex County,2014,40.58636713
Massachusetts,Essex County,2015,40.399968
Massachusetts,Essex County,2016,39.91069089
Massachusetts,Essex County,2017,40.46228239
Massachusetts,Essex County,2018,39.98997056
Massachusetts,Essex County,2019,39.00972862
Massachusetts,Essex County,2020,37.45259857
Massachusetts,Essex County,2021,38.01049027
Massachusetts,Essex County,2022,40.49761905
Massachusetts,Essex County,2023,45.44748144
Massachusetts,Hampden County,2000,53.88425102
Massachusetts,Hampden County,2001,59.57876984
Massachusetts,Hampden County,2002,59.82701613
Massachusetts,Hampden County,2003,56.35715566
Massachusetts,Hampden County,2004,52.56547398
Massachusetts,Hampden County,2005,55.39663338
Massachusetts,Hampden County,2006,52.3280658
Massachusetts,Hampden County,2007,53.72377112
Massachusetts,Hampden County,2008,49.61113892
Massachusetts,Hampden County,2009,49.03163082
Massachusetts,Hampden County,2010,46.90662442
Massachusetts,Hampden County,2011,48.48313492
Massachusetts,Hampden County,2012,47.05276542
Massachusetts,Hampden County,2013,44.57357271
Massachusetts,Hampden County,2014,42.30304019
Massachusetts,Hampden County,2015,42.45703405
Massachusetts,Hampden County,2016,41.27038994
Massachusetts,Hampden County,2017,41.28616871
Massachusetts,Hampden County,2018,40.46166795
Massachusetts,Hampden County,2019,40.36897081
Massachusetts,Hampden County,2020,40.5347145
Massachusetts,Hampden County,2021,41.48929211
Massachusetts,Hampden County,2022,40.22671531
Massachusetts,Hampden County,2023,46.65755888
Massachusetts,Hampshire County,2000,40.69943971
Massachusetts,Hampshire County,2001,49.903181
Massachusetts,Hampshire County,2002,47.49953917
Massachusetts,Hampshire County,2003,42.49823989
Massachusetts,Hampshire County,2004,44.75702324
Massachusetts,Hampshire County,2005,48.26857399
Massachusetts,Hampshire County,2006,44.20654762
Massachusetts,Hampshire County,2007,53.11927163
Massachusetts,Hampshire County,2008,50.10939006
Massachusetts,Hampshire County,2009,43.4015489
Massachusetts,Hampshire County,2010,42.70700845
Massachusetts,Hampshire County,2011,40.18864567
Massachusetts,Hampshire County,2012,39.28806081
Massachusetts,Hampshire County,2013,41.23425499
Massachusetts,Hampshire County,2014,40.63927291
Massachusetts,Hampshire County,2015,38.38382469
Massachusetts,Hampshire County,2016,39.888033
Massachusetts,Hampshire County,2017,38.63291731
Massachusetts,Hampshire County,2018,38.27669611
Massachusetts,Hampshire County,2019,38.70526114
Massachusetts,Hampshire County,2020,35.5799932
Massachusetts,Hampshire County,2021,33.5437212
Massachusetts,Hampshire County,2022,39.72906426
Massachusetts,Hampshire County,2023,43.7172459
Massachusetts,Middlesex County,2000,29.94821098
Massachusetts,Middlesex County,2001,40.19356759
Massachusetts,Middlesex County,2002,37.21140553
Massachusetts,Middlesex County,2003,25.23613031
Massachusetts,Middlesex County,2004,22.11977815
Massachusetts,Middlesex County,2005,33.59813748
Massachusetts,Middlesex County,2006,37.70256656
Massachusetts,Middlesex County,2007,41.08933052
Massachusetts,Middlesex County,2008,37.18396057
Massachusetts,Middlesex County,2009,35.72232463
Massachusetts,Middlesex County,2010,38.58415259
Massachusetts,Middlesex County,2011,36.06310716
Massachusetts,Middlesex County,2012,36.6922363
Massachusetts,Middlesex County,2013,36.14521173
Massachusetts,Middlesex County,2014,33.59546101
Massachusetts,Middlesex County,2015,34.19553031
Massachusetts,Middlesex County,2016,34.66779069
Massachusetts,Middlesex County,2017,34.29175414
Massachusetts,Middlesex County,2018,36.89019457
Massachusetts,Middlesex County,2019,37.57558884
Massachusetts,Middlesex County,2020,37.09554443
Massachusetts,Middlesex County,2021,35.49043779
Massachusetts,Middlesex County,2022,36.66781874
Massachusetts,Middlesex County,2023,41.91636265
Massachusetts,Norfolk County,2000,38.83189033
Massachusetts,Norfolk County,2001,46.22046485
Massachusetts,Norfolk County,2002,59.48106332
Massachusetts,Norfolk County,2003,45.89820016
Massachusetts,Norfolk County,2004,40.59719875
Massachusetts,Norfolk County,2005,41.03172741
Massachusetts,Norfolk County,2006,38.4334329
Massachusetts,Norfolk County,2007,45.08192524
Massachusetts,Norfolk County,2008,41.27014893
Massachusetts,Norfolk County,2009,35.65506272
Massachusetts,Norfolk County,2010,37.95905018
Massachusetts,Norfolk County,2011,39.11803783
Massachusetts,Norfolk County,2012,39.26188468
Massachusetts,Norfolk County,2013,38.34791987
Massachusetts,Norfolk County,2014,39.59078341
Massachusetts,Norfolk County,2015,39.59346518
Massachusetts,Norfolk County,2016,39.03140041
Massachusetts,Norfolk County,2017,37.06888893
Massachusetts,Norfolk County,2018,33.6644862
Massachusetts,Norfolk County,2019,34.72035065
Massachusetts,Norfolk County,2020,32.49335373
Massachusetts,Norfolk County,2021,38.18891449
Massachusetts,Norfolk County,2022,39.96310804
Massachusetts,Norfolk County,2023,45.80387865
Massachusetts,Plymouth County,2000,43.78
Massachusetts,Plymouth County,2001,46.16033249
Massachusetts,Plymouth County,2002,45.60555556
Massachusetts,Plymouth County,2003,39.46565356
Massachusetts,Plymouth County,2004,40.97773569
Massachusetts,Plymouth County,2005,42.20563973
Massachusetts,Plymouth County,2006,36.29583333
Massachusetts,Plymouth County,2007,37.56186869
Massachusetts,Plymouth County,2008,38.39789562
Massachusetts,Plymouth County,2009,34.68758418
Massachusetts,Plymouth County,2010,32.22045455
Massachusetts,Plymouth County,2011,34.53021886
Massachusetts,Plymouth County,2012,32.75395623
Massachusetts,Plymouth County,2013,29.52610174
Massachusetts,Plymouth County,2014,38.43622829
Massachusetts,Plymouth County,2015,39.40851895
Massachusetts,Plymouth County,2016,37.51949388
Massachusetts,Plymouth County,2017,38.20642601
Massachusetts,Plymouth County,2018,37.97044931
Massachusetts,Plymouth County,2019,37.93453661
Massachusetts,Plymouth County,2020,38.00209492
Massachusetts,Plymouth County,2021,38.76811316
Massachusetts,Plymouth County,2022,39.54735072
Massachusetts,Plymouth County,2023,43.79473886
Massachusetts,Suffolk County,2000,57.24111358
Massachusetts,Suffolk County,2001,62.74327957
Massachusetts,Suffolk County,2002,62.90841014
Massachusetts,Suffolk County,2003,62.33789042
Massachusetts,Suffolk County,2004,58.71395069
Massachusetts,Suffolk County,2005,60.07761777
Massachusetts,Suffolk County,2006,55.86639145
Massachusetts,Suffolk County,2007,58.78351895
Massachusetts,Suffolk County,2008,54.4836794
Massachusetts,Suffolk County,2009,47.29120584
Massachusetts,Suffolk County,2010,49.14786226
Massachusetts,Suffolk County,2011,50.45894777
Massachusetts,Suffolk County,2012,47.29863737
Massachusetts,Suffolk County,2013,48.33032514
Massachusetts,Suffolk County,2014,46.05640041
Massachusetts,Suffolk County,2015,44.53412698
Massachusetts,Suffolk County,2016,43.88672599
Massachusetts,Suffolk County,2017,49.72019969
Massachusetts,Suffolk County,2018,45.53209165
Massachusetts,Suffolk County,2019,39.46020225
Massachusetts,Suffolk County,2020,38.94292424
Massachusetts,Suffolk County,2021,39.44297235
Massachusetts,Suffolk County,2022,38.40580517
Massachusetts,Suffolk County,2023,42.76845878
Massachusetts,Worcester County,2000,43.51853603
Massachusetts,Worcester County,2001,54.0250128
Massachusetts,Worcester County,2002,52.55325781
Massachusetts,Worcester County,2003,50.54031443
Massachusetts,Worcester County,2004,48.75966197
Massachusetts,Worcester County,2005,49.25324501
Massachusetts,Worcester County,2006,45.91178955
Massachusetts,Worcester County,2007,49.21028546
Massachusetts,Worcester County,2008,45.41673464
Massachusetts,Worcester County,2009,42.01683308
Massachusetts,Worcester County,2010,45.19384281
Massachusetts,Worcester County,2011,44.94414363
Massachusetts,Worcester County,2012,42.49737671
Massachusetts,Worcester County,2013,42.8297107
Massachusetts,Worcester County,2014,41.21156554
Massachusetts,Worcester County,2015,40.02907706
Massachusetts,Worcester County,2016,41.21022432
Massachusetts,Worcester County,2017,40.03539427
Massachusetts,Worcester County,2018,39.94054019
Massachusetts,Worcester County,2019,40.5031618
Massachusetts,Worcester County,2020,39.6853541
Massachusetts,Worcester County,2021,40.87436636
Massachusetts,Worcester County,2022,39.98851767
Massachusetts,Worcester County,2023,42.64091462
